name,name_local_hi,name_local_kn,name_local_ta,name_local_bn,category,sub_category,veg_type,cuisine_regions,kcal,protein_g,carb_g,fat_g,fiber_g,sugar_g,sodium_mg,potassium_mg,calcium_mg,iron_mg,vitamin_a_ug,vitamin_c_mg,vitamin_d_ug,vitamin_b12_ug,folate_ug,omega3_g,gi,glycemic_load_per_100g,allergens,fodmap_level,disease_allowed,disease_restricted,seasonality,cost_tier,unit_cost_inr,default_portion_g,default_portion_desc,source
White Rice (raw),चावल,ಅಕ್ಕಿ,அரிசி,চাল,CEREAL_MILLET,rice,VEG,pan_indian,345,6.8,78.2,0.5,0.6,0.1,1,115,10,0.7,0,0,0,0,8,0.01,73,57,,low,,diabetes_t2;pcos,all,economy,3,40,½ cup raw,IFCT-2017-est
Brown Rice (raw),ब्राउन चावल,ಕಂದು ಅಕ್ಕಿ,கைக்குத்தல் அரிசி,বাদামি চাল,CEREAL_MILLET,rice,VEG,pan_indian,362,7.5,76.0,2.7,3.5,0.9,5,265,33,1.8,0,0,0,0,20,0.04,68,52,,low,diabetes_t2;weight_loss,,all,standard,8,40,½ cup raw,IFCT-2017-est
Basmati Rice,बासमती,ಬಾಸ್ಮತಿ,பாஸ்மதி,বাসমতি,CEREAL_MILLET,rice,VEG,north_indian;hyderabadi,348,7.1,77.5,0.9,1.0,0.1,1,115,9,0.6,0,0,0,0,11,0.01,58,45,,low,,,all,standard,12,40,½ cup raw,IFCT-2017-est
Red Rice,लाल चावल,ಕೆಂಪು ಅಕ್ಕಿ,சிவப்பு அரிசி,লাল চাল,CEREAL_MILLET,rice,VEG,karnataka;kerala,365,7.0,76.5,2.8,3.5,0.5,4,250,15,1.0,0,0,0,0,20,0.03,55,42,,low,diabetes_t2;weight_loss;pcos,,all,standard,15,40,½ cup raw,IFCT-2017-est
Rice Flakes (Poha),पोहा,ಅವಲಕ್ಕಿ,அவல்,চিড়া,CEREAL_MILLET,rice,VEG,pan_indian,346,6.6,77.0,1.2,1.0,0.0,11,140,20,2.5,0,0,0,0,10,0.02,65,50,,low,,,all,economy,5,30,1 cup,IFCT-2017-est
Puffed Rice (Murmura),मुरमुरा,ಮಂಡಕ್ಕಿ,பொரி,মুড়ি,CEREAL_MILLET,rice,VEG,pan_indian,325,7.0,78.0,0.5,0.8,0.5,5,90,10,0.4,0,0,0,0,5,0.01,80,62,,low,,diabetes_t2,all,economy,4,20,1½ cup,IFCT-2017-est
Wheat Flour (Whole),गेहूं का आटा,ಗೋಧಿ ಹಿಟ್ಟು,கோதுமை மாவு,আটা,CEREAL_MILLET,wheat,VEG,north_indian;pan_indian,341,12.1,69.4,1.7,11.2,2.4,3,340,30,4.0,0,0,0,0,40,0.05,68,47,gluten,moderate,,gluten_intolerance;coeliac,all,economy,4,30,2 small rotis,IFCT-2017-est
Wheat Suji (Semolina),सूजी,ಸೂಜಿ,ரவை,সুজি,CEREAL_MILLET,wheat,VEG,pan_indian,348,10.5,72.0,1.0,3.5,0.5,2,150,20,1.0,0,0,0,0,30,0.02,66,48,gluten,low,,coeliac;gluten_intolerance,all,economy,5,30,½ cup,IFCT-2017-est
Bulgur Wheat (Daliya),दलिया,ಗೋಧಿ ರವೆ,கோதுமை தாலியா,ডালিয়া,CEREAL_MILLET,wheat,VEG,north_indian,342,12.3,69.0,1.3,12.5,0.8,7,350,35,2.5,0,0,0,0,38,0.05,48,33,gluten,moderate,diabetes_t2;weight_loss,coeliac,all,economy,8,30,½ cup,IFCT-2017-est
Ragi (Finger Millet),रागी,ರಾಗಿ,கேழ்வரகு,রাগী,CEREAL_MILLET,millet,VEG,karnataka;tamil_nadu;andhra,336,7.3,72.0,1.3,11.5,0.0,11,408,344,3.9,3,1.5,0,0,18,0.04,67,48,,low,diabetes_t2;weight_loss;anaemia;osteoporosis;pcos,,all,economy,5,30,2 small rotis,IFCT-2017-est
Jowar (Sorghum),ज्वार,ಜೋಳ,சோளம்,জোয়ার,CEREAL_MILLET,millet,VEG,karnataka;maharashtra;andhra,329,10.4,67.7,1.9,9.7,0.5,7,328,25,3.0,0,0,0,0,20,0.06,62,42,,low,diabetes_t2;weight_loss;pcos,,all,economy,4,30,2 small rotis,IFCT-2017-est
Bajra (Pearl Millet),बाजरा,ಸಜ್ಜೆ,கம்பு,বাজরা,CEREAL_MILLET,millet,VEG,rajasthan;gujarat;maharashtra,347,10.9,61.8,5.0,11.5,0.0,11,365,42,8.0,0,0,0,0,42,0.14,55,34,,low,diabetes_t2;anaemia;winter,,winter,economy,4,30,2 small rotis,IFCT-2017-est
Foxtail Millet (Navane),कंगनी,ನವಣೆ,தினை,কাঁকনি,CEREAL_MILLET,millet,VEG,karnataka;tamil_nadu;andhra,331,12.3,60.0,4.3,8.0,0.0,5,250,31,2.8,0,0,0,0,15,0.08,50,30,,low,diabetes_t2;weight_loss;pcos,,all,economy,8,30,½ cup raw,IFCT-2017-est
Little Millet (Saame),कुटकी,ಸಾಮೆ,சாமை,কুটকি,CEREAL_MILLET,millet,VEG,karnataka;tamil_nadu,341,7.7,67.0,4.7,7.6,0.0,8,180,17,9.3,0,0,0,0,8,0.05,52,32,,low,diabetes_t2;weight_loss;anaemia,,all,standard,15,30,½ cup raw,IFCT-2017-est
Kodo Millet (Arka),कोदो,ಹಾರಕ,வரகு,কোদো,CEREAL_MILLET,millet,VEG,karnataka;tamil_nadu,353,8.3,65.9,1.4,9.0,0.0,3,144,27,2.0,0,0,0,0,8,0.04,53,32,,low,diabetes_t2;weight_loss;pcos,,all,standard,12,30,½ cup raw,IFCT-2017-est
Barnyard Millet (Oodalu),झंगोरा,ಊದಲು,குதிரைவாலி,বার্নয়ার্ড,CEREAL_MILLET,millet,VEG,karnataka;uttarakhand,342,11.2,65.5,3.9,10.1,0.0,5,200,22,5.0,0,0,0,0,10,0.05,50,30,,low,diabetes_t2;weight_loss;fasting,,all,standard,15,30,½ cup raw,IFCT-2017-est
Oats (Rolled),जई,ಓಟ್ಸ್,ஓட்ஸ்,ওটস,CEREAL_MILLET,oats,VEG,pan_indian,389,16.9,66.3,6.9,10.6,0.0,2,429,54,4.7,0,0,0,0,32,0.11,55,33,gluten,low,diabetes_t2;weight_loss;heart;pcos,,all,standard,15,40,½ cup dry,IFCT-2017-est
Quinoa,क्विनोआ,ಕ್ವಿನೋವಾ,கினோவா,কুইনোয়া,CEREAL_MILLET,pseudo_cereal,VEG,pan_indian,368,14.0,64.0,6.0,7.0,0.0,5,560,47,4.6,0,0,0,0,180,0.30,53,31,,low,diabetes_t2;weight_loss;pcos;high_protein,,all,premium,80,40,½ cup raw,IFCT-2017-est
Barley (Jau),जौ,ಜವೆ,பார்லி,বার্লি,CEREAL_MILLET,barley,VEG,north_indian,352,12.5,73.5,1.3,17.3,0.8,12,452,33,3.6,0,0,0,0,19,0.10,28,18,gluten,moderate,diabetes_t2;weight_loss,coeliac,all,economy,8,30,½ cup raw,IFCT-2017-est
Buckwheat (Kuttu),कुट्टू,ಕುಟ್ಟು,குட்டு,কুট্টু,CEREAL_MILLET,pseudo_cereal,VEG,uttarakhand;fasting,343,13.0,71.5,3.4,10.0,0.0,1,460,18,2.2,0,0,0,0,30,0.08,54,34,,low,diabetes_t2;fasting,,all,standard,18,30,½ cup raw,IFCT-2017-est
Amaranth Grain (Rajgira),राजगिरा,ರಾಜಗಿರಾ,ராஜகீரா,রাজগিরা,CEREAL_MILLET,pseudo_cereal,VEG,fasting;pan_indian,371,14.5,66.0,6.5,7.0,0.0,4,508,160,7.6,0,4.2,0,0,82,0.04,76,50,,low,fasting;high_protein,,all,standard,20,30,½ cup raw,IFCT-2017-est
Maize (Makka),मक्का,ಮೆಕ್ಕೆಜೋಳ,சோளம்,ভুট்টা,CEREAL_MILLET,corn,VEG,punjab;north_indian,342,8.8,73.0,4.7,7.3,0.6,3,300,15,2.5,11,7.0,0,0,42,0.08,52,34,,low,,,winter,economy,5,30,2 small rotis,IFCT-2017-est
Sweet Corn Kernels,स्वीट कॉर्न,ಸಿಹಿ ಮೆಕ್ಕೆ,இனிப்பு சோளம்,সুইট কর্ন,CEREAL_MILLET,corn,VEG,pan_indian,86,3.2,19.0,1.2,2.7,3.2,1,270,2,0.5,9,6.0,0,0,42,0.02,55,11,,moderate,,,all,standard,40,80,½ cup,IFCT-2017-est
Vermicelli (Sevai),सेवई,ಸೇವಿಗೆ,சேமியா,সেমাই,CEREAL_MILLET,processed,VEG,pan_indian,355,9.5,75.0,1.5,1.0,0.5,5,80,15,1.0,0,0,0,0,8,0.01,65,48,gluten,low,,coeliac,all,economy,8,30,½ cup raw,IFCT-2017-est
Rice Vermicelli,चावल सेवई,ಶಾವಿಗೆ,இடியாப்பம் மாவு,বিরিয়ানির চাল,CEREAL_MILLET,processed,VEG,south_indian,360,6.5,80.0,0.5,0.5,0.0,3,40,8,0.3,0,0,0,0,5,0.01,58,46,,low,,,all,economy,10,30,½ cup raw,IFCT-2017-est
Toor Dal (Pigeon Pea),अरहर,ತೊಗರಿ,துவரம் பருப்பு,তুর ডাল,PULSE_LEGUME,dal,VEG,pan_indian,343,22.3,57.6,1.7,15.0,0.0,17,1392,73,2.7,0,0,0,0,103,0.10,32,18,,moderate,diabetes_t2;pcos;weight_loss,gout,all,economy,12,30,⅓ cup raw,IFCT-2017-est
Moong Dal (Green Gram Split),मूंग दाल,ಹೆಸರು ಬೇಳೆ,பாசிப்பருப்பு,মুগ ডাল,PULSE_LEGUME,dal,VEG,pan_indian,348,24.5,59.0,1.2,8.2,7.0,30,1150,75,4.4,21,4.0,0,0,140,0.10,38,22,,low,diabetes_t2;ibs;weight_loss;pcos,gout,all,economy,10,30,⅓ cup raw,IFCT-2017-est
Whole Moong (Green Gram),साबुत मूंग,ಹಸಿರು ಹೆಸರು,பச்சை பயறு,সবুজ মুগ,PULSE_LEGUME,whole_legume,VEG,pan_indian,331,24.0,56.7,1.3,16.3,7.0,15,1246,124,4.4,114,4.8,0,0,625,0.10,42,24,,moderate,diabetes_t2;weight_loss;pcos,gout,all,economy,12,30,⅓ cup raw,IFCT-2017-est
Masoor Dal (Red Lentil Split),मसूर दाल,ಮಸೂರ ಬೇಳೆ,மிசூர் பருப்பு,মসুর ডাল,PULSE_LEGUME,dal,VEG,pan_indian,343,25.1,58.0,1.5,11.0,2.0,30,950,52,7.5,2,4.5,0,0,180,0.13,29,17,,moderate,anaemia;diabetes_t2;pcos,gout,all,economy,10,30,⅓ cup raw,IFCT-2017-est
Whole Masoor (Brown Lentil),साबुत मसूर,ಬೌನ್ ಮಸೂರ,கருப்பு மிசூர்,আস্ত মসুর,PULSE_LEGUME,whole_legume,VEG,pan_indian,343,24.4,57.0,1.3,11.0,2.0,6,955,56,7.6,8,4.4,0,0,181,0.13,32,18,,moderate,anaemia;diabetes_t2,gout,all,economy,12,30,⅓ cup raw,IFCT-2017-est
Urad Dal (Black Gram Split),उड़द दाल,ಉದ್ದಿನ ಬೇಳೆ,உளுந்தம் பருப்பு,বিউলির ডাল,PULSE_LEGUME,dal,VEG,pan_indian,341,25.0,58.6,1.7,18.3,0.0,30,983,154,9.1,1,0,0,0,216,0.18,43,25,,high,osteoporosis;anaemia,gout;ibs_d,all,economy,12,30,⅓ cup raw,IFCT-2017-est
Whole Urad (Black Gram),साबुत उड़द,ಸಂಪೂರ್ಣ ಉದ್ದು,கருப்பு உளுந்து,আস্ত বিউলি,PULSE_LEGUME,whole_legume,VEG,pan_indian,341,24.0,59.0,1.5,18.0,0.0,30,1000,160,9.5,2,0,0,0,220,0.18,46,27,,high,anaemia,gout;ibs_d,all,economy,14,30,⅓ cup raw,IFCT-2017-est
Chana Dal (Bengal Gram Split),चना दाल,ಕಡಲೆ ಬೇಳೆ,கடலை பருப்பு,ছোলার ডাল,PULSE_LEGUME,dal,VEG,pan_indian,360,23.4,61.7,5.4,10.5,3.0,40,808,55,5.3,12,1.0,0,0,313,0.08,33,20,,moderate,diabetes_t2;heart;pcos,gout;ibs,all,economy,10,30,⅓ cup raw,IFCT-2017-est
Kabuli Chana (White Chickpea),काबुली चना,ಕಡಲೆ,கொண்டைக் கடலை,চানা,PULSE_LEGUME,whole_legume,VEG,pan_indian,360,18.0,61.0,6.0,17.0,11.0,24,718,57,4.3,4,4.0,0,0,557,0.10,33,20,,moderate,diabetes_t2;pcos;weight_loss,gout;ibs,all,economy,12,30,⅓ cup raw,IFCT-2017-est
Black Chana (Kala Chana),काला चना,ಕಪ್ಪು ಕಡಲೆ,கருப்பு கொண்டைக் கடலை,কালো চানা,PULSE_LEGUME,whole_legume,VEG,pan_indian,365,20.5,61.0,5.5,12.0,4.0,40,750,60,4.5,4,3.0,0,0,560,0.10,28,17,,moderate,diabetes_t2;anaemia;pcos,gout;ibs,all,economy,12,30,⅓ cup raw,IFCT-2017-est
Rajma (Kidney Beans),राजमा,ರಾಜ್ಮಾ,ராஜ்மா,রাজমা,PULSE_LEGUME,whole_legume,VEG,north_indian;punjab,333,22.9,60.6,1.3,15.2,2.0,12,1406,143,5.0,0,4.5,0,0,394,0.50,29,17,,high,diabetes_t2;pcos;weight_loss,gout;ibs_d,all,standard,15,30,⅓ cup raw,IFCT-2017-est
Black-eyed Peas (Lobia),लोबिया,ಅಲಸಂದೆ,காராமணி,বরবটি,PULSE_LEGUME,whole_legume,VEG,karnataka;tamil_nadu,343,23.5,60.0,1.3,10.6,4.0,16,1112,110,5.0,15,1.5,0,0,633,0.50,33,20,,moderate,diabetes_t2;anaemia,gout,all,economy,12,30,⅓ cup raw,IFCT-2017-est
Horse Gram (Kulthi),कुलथी,ಹುರಳಿ,கொள்ளு,কুলথি,PULSE_LEGUME,whole_legume,VEG,karnataka;andhra;tamil_nadu,321,22.0,57.0,0.5,5.0,0.0,8,800,287,7.0,3,1.0,0,0,300,0.10,36,21,,moderate,diabetes_t2;weight_loss;kidney_stones,gout,winter,economy,12,30,⅓ cup raw,IFCT-2017-est
Soybean (Yellow),सोयाबीन,ಸೋಯಾಬೀನ್,சோயா பீன்ஸ்,সয়াবিন,PULSE_LEGUME,legume,VEG,pan_indian,432,37.0,33.0,17.7,21.5,0.0,2,1797,277,15.7,1,6.0,0,0,375,1.30,18,6,soy,low,diabetes_t2;menopause;high_protein,thyroid;gout,all,standard,20,30,¼ cup raw,IFCT-2017-est
Soya Chunks (TVP),सोया चंक्स,ಸೋಯಾ ಚಂಕ್ಸ್,சோயா துண்டு,সয়া চাঙ্ক,PULSE_LEGUME,processed,VEG,pan_indian,345,52.0,33.0,0.5,13.0,0.0,2,2400,350,20.0,0,0,0,0,300,0.50,15,5,soy,low,muscle_gain;high_protein,thyroid,all,standard,18,30,½ cup raw,IFCT-2017-est
Tofu (Soya Paneer),टोफू,ತೋಫು,டோஃபு,তোফু,PULSE_LEGUME,soy_product,VEG,pan_indian,76,8.0,2.0,4.5,1.0,0.6,7,121,350,5.4,5,0.1,0,0,15,0.30,15,1,soy,low,vegan;menopause;pcos,thyroid,all,standard,80,80,½ cup,IFCT-2017-est
Moong Sprouts,मूंग अंकुर,ಹೆಸರು ಮೊಳಕೆ,பாசிப்பயறு முளை,মুগ অঙ্কুর,PULSE_LEGUME,sprout,VEG,pan_indian,55,5.0,5.0,0.5,1.7,4.0,6,150,30,1.5,3,13.0,0,0,60,0.05,32,2,,low,diabetes_t2;weight_loss;pcos;immunity,,all,economy,15,50,1 cup,IFCT-2017-est
Cow Milk (Whole),गाय का दूध,ಹಸುವಿನ ಹಾಲು,பசும் பால்,গরুর দুধ,DAIRY,milk,VEG,pan_indian,67,3.2,4.4,4.1,0.0,4.4,40,143,120,0.2,32,1.7,0.1,0.4,5,0.03,39,2,dairy,low,growth;pregnancy;elderly,lactose;ibs,all,economy,55,200,1 cup,IFCT-2017-est
Cow Milk (Toned),टोन्ड दूध,ಟೋನ್ಡ್ ಹಾಲು,டோன்டு பால்,টোনড দুধ,DAIRY,milk,VEG,pan_indian,58,3.1,4.7,3.0,0.0,4.7,40,150,125,0.1,28,2.0,0.1,0.4,5,0.02,40,2,dairy,low,weight_loss;heart,lactose,all,economy,30,200,1 cup,IFCT-2017-est
Cow Milk (Skimmed),स्किम्ड दूध,ಸ್ಕಿಮ್ಡ್ ಹಾಲು,கொழுப்பு நீக்கிய பால்,স্কিমড দুধ,DAIRY,milk,VEG,pan_indian,35,3.4,5.0,0.1,0.0,5.0,42,156,125,0.1,0,2.0,0.1,0.4,5,0.0,30,2,dairy,low,weight_loss;heart;diabetes_t2,lactose,all,standard,40,200,1 cup,IFCT-2017-est
Buffalo Milk,भैंस का दूध,ಎಮ್ಮೆ ಹಾಲು,எருமை பால்,মহিষের দুধ,DAIRY,milk,VEG,pan_indian,97,3.7,5.0,6.9,0.0,5.0,52,178,180,0.1,53,2.5,0.1,0.4,6,0.05,42,2,dairy,low,growth;underweight,lactose;hyperlipidemia;weight_loss,all,economy,60,200,1 cup,IFCT-2017-est
Curd (Cow),दही,ಮೊಸರು,தயிர்,দই,DAIRY,fermented,VEG,pan_indian,60,3.1,3.0,4.0,0.0,3.0,46,125,150,0.1,17,1.0,0.1,0.4,8,0.03,11,0,dairy,low,gut_healing;digestion;immunity,lactose_severe,all,economy,40,150,½ cup,IFCT-2017-est
Greek Yogurt (Hung Curd),हंग कर्ड,ಕಟ್ಟು ಮೊಸರು,தோய்ந்த தயிர்,ঘন দই,DAIRY,fermented,VEG,pan_indian,97,9.0,3.6,5.0,0.0,3.6,36,141,110,0.1,27,0.5,0.1,0.5,7,0.03,11,0,dairy,low,high_protein;weight_loss;pcos,lactose_severe,all,standard,90,100,½ cup,IFCT-2017-est
Paneer (Cottage Cheese),पनीर,ಪನೀರ್,பன்னீர்,পনির,DAIRY,cheese,VEG,pan_indian,265,18.3,1.2,20.8,0.0,1.0,18,135,208,0.2,158,0,0.4,1.1,9,0.10,28,0,dairy,low,high_protein;muscle_gain;growth,lactose;hyperlipidemia,all,standard,60,40,¼ cup cubes,IFCT-2017-est
Cheese (Cheddar),चीज़,ಚೀಸ್,சீஸ்,চিজ,DAIRY,cheese,VEG,pan_indian,402,25.0,1.3,33.0,0.0,0.5,621,98,721,0.7,265,0,0.6,0.8,18,0.40,1,0,dairy,low,calcium;underweight,lactose;hypertension;hyperlipidemia,all,premium,300,30,1 slice,IFCT-2017-est
Khoa (Milk Solids),खोवा,ಖೋವಾ,கோவா,ক্ষোয়া,DAIRY,concentrated,VEG,north_indian,421,14.5,20.0,31.0,0.0,20.0,30,290,950,0.5,200,0,0.3,0.8,8,0.30,30,6,dairy,low,growth;underweight,lactose;hyperlipidemia;diabetes_t2,all,premium,400,30,2 tbsp,IFCT-2017-est
Buttermilk (Chaas),छाछ,ಮಜ್ಜಿಗೆ,மோர்,ঘোল,DAIRY,fermented,VEG,pan_indian,40,1.8,3.0,2.0,0.0,3.0,150,135,90,0.1,15,0.5,0.1,0.3,4,0.02,15,0,dairy,low,gut_healing;digestion;summer;hydration,lactose_severe,summer,economy,15,200,1 glass,IFCT-2017-est
Lassi (Sweet),लस्सी,ಸಿಹಿ ಲಸ್ಸಿ,இனிப்பு லஸ்ஸி,মিষ্টি লস্যি,DAIRY,beverage,VEG,punjab;north_indian,98,2.5,15.0,3.0,0.0,14.0,30,140,90,0.1,25,0.4,0.1,0.3,5,0.02,55,8,dairy,low,,diabetes_t2;weight_loss,summer,standard,40,200,1 glass,IFCT-2017-est
Ghee (Cow),गाय का घी,ಗೋ ತುಪ್ಪ,நெய்,গরুর ঘি,FAT_OIL,ghee,VEG,pan_indian,883,0.0,0.0,99.9,0.0,0.0,2,5,4,0.0,840,0,1.5,0,0,1.40,0,0,dairy,low,growth;ayurveda,hyperlipidemia,all,premium,500,5,1 tsp,IFCT-2017-est
Butter,मक्खन,ಬೆಣ್ಣೆ,வெண்ணெய்,মাখন,FAT_OIL,fat,VEG,pan_indian,737,0.6,0.4,81.1,0.0,0.4,11,24,24,0.0,684,0,0.8,0.1,3,0.30,0,0,dairy,low,,hyperlipidemia;hypertension,all,standard,100,5,1 tsp,IFCT-2017-est
Chicken Egg (Whole),अंडा,ಮೊಟ್ಟೆ,முட்டை,ডিম,EGG,whole_egg,EGG,pan_indian,143,12.6,1.1,9.5,0.0,1.1,124,138,56,1.8,160,0,2.0,0.9,47,0.10,0,0,egg,low,muscle_gain;growth;high_protein,,all,economy,7,50,1 large egg,IFCT-2017-est
Egg White Only,अंडे का सफेद,ಮೊಟ್ಟೆ ಬಿಳಿ,முட்டை வெள்ளை,ডিমের সাদা,EGG,egg_part,EGG,pan_indian,52,11.0,0.7,0.2,0.0,0.7,166,163,7,0.1,0,0,0,0.1,4,0.0,0,0,egg,low,high_protein;weight_loss;heart,,all,economy,7,33,white of 1 egg,IFCT-2017-est
Chicken Breast (Skinless),चिकन ब्रेस्ट,ಕೋಳಿ ಸ್ತನ,கோழி மார்பகம்,চিকেন ব্রেস্ট,FLESH_FOOD,poultry,NON_VEG,pan_indian,165,31.0,0.0,3.6,0.0,0.0,74,256,15,1.0,0,0,0.1,0.4,4,0.05,0,0,,low,muscle_gain;weight_loss;high_protein,gout,all,standard,250,100,1 fillet,IFCT-2017-est
Chicken Thigh (Skinless),चिकन जांघ,ಕೋಳಿ ತೊಡೆ,கோழி தொடை,চিকেন থাই,FLESH_FOOD,poultry,NON_VEG,pan_indian,177,24.0,0.0,8.5,0.0,0.0,86,239,12,1.3,0,0,0.1,0.5,6,0.10,0,0,,low,growth;underweight,gout;hyperlipidemia,all,standard,220,100,1 piece,IFCT-2017-est
Mutton (Goat) Lean,बकरे का गोश्त,ಆಡಿನ ಮಾಂಸ,ஆட்டுக்கறி,খাসির মাংস,FLESH_FOOD,red_meat,NON_VEG,pan_indian,109,20.0,0.0,3.0,0.0,0.0,72,310,12,3.0,0,0,0.1,1.2,6,0.10,0,0,,low,anaemia;b12;growth,gout;heart;hypertension,all,premium,650,80,small piece,IFCT-2017-est
Egg (Duck),बत्तख का अंडा,ಬಾತುಕೋಳಿ ಮೊಟ್ಟೆ,வாத்து முட்டை,হাঁসের ডিম,EGG,whole_egg,EGG,pan_indian,185,13.0,1.5,14.0,0.0,1.5,146,222,64,3.9,194,0,1.7,5.4,80,0.10,0,0,egg,low,muscle_gain;b12,hyperlipidemia,winter,standard,15,70,1 egg,IFCT-2017-est
Rohu (Carp),रोहू,ರೊಹು,ரோகு,রুই,FLESH_FOOD,fish,NON_VEG,bengali;east_indian,97,16.6,0.0,1.4,0.0,0.0,49,300,650,1.0,30,0,2.0,2.5,15,0.30,0,0,fish,low,heart;b12;omega3,gout,all,standard,300,100,1 piece,IFCT-2017-est
Pomfret (Pampus),पॉम्फ्रेट,ಪಾಂಫ್ರೆಟ್,வாவல்,পমফ্রেট,FLESH_FOOD,fish,NON_VEG,coastal,96,18.5,0.0,2.5,0.0,0.0,87,400,30,0.7,18,0,3.0,2.0,12,0.50,0,0,fish,low,heart;omega3,gout,all,premium,800,100,1 medium,IFCT-2017-est
Salmon (Farmed),सैल्मन,ಸಾಲ್ಮನ್,சால்மன்,সালমন,FLESH_FOOD,fish,NON_VEG,pan_indian,208,20.0,0.0,13.0,0.0,0.0,59,363,9,0.3,12,0,11.0,3.2,25,2.30,0,0,fish,low,heart;omega3;skin;eczema,gout,all,premium,1500,100,1 fillet,IFCT-2017-est
Sardines (Tinned),सार्डिन,ಸಾರ್ಡೀನ್,கானாங்கெளுத்தி,সারডিন,FLESH_FOOD,fish,NON_VEG,coastal,208,25.0,0.0,11.5,0.0,0.0,307,397,382,2.9,32,0,4.8,8.9,12,1.50,0,0,fish,low,heart;omega3;calcium,gout;hypertension,all,standard,180,80,small can,IFCT-2017-est
Prawns,झींगा,ಸಿಗಡಿ,இறால்,চিংড়ি,FLESH_FOOD,seafood,NON_VEG,coastal,99,24.0,0.2,0.3,0.0,0.0,111,259,70,0.5,180,0,0,1.1,8,0.30,0,0,shellfish,low,high_protein;b12,gout;hyperlipidemia,all,premium,800,100,8-10 medium,IFCT-2017-est
Almonds,बादाम,ಬಾದಾಮಿ,பாதாம்,বাদাম,NUT_OILSEED,nut,VEG,pan_indian,579,21.2,21.5,49.4,12.5,4.4,1,733,264,3.7,1,0,0,0,44,0.01,15,3,nut,low,heart;diabetes_t2;skin;hair,allergy_nut,all,premium,800,15,10 pieces,IFCT-2017-est
Cashew Nuts,काजू,ಗೋಡಂಬಿ,முந்திரி,কাজু,NUT_OILSEED,nut,VEG,pan_indian,553,18.2,30.2,43.8,3.3,5.9,12,660,37,6.7,0,0.5,0,0,25,0.06,25,8,nut,moderate,b12;heart,allergy_nut;weight_loss,all,premium,900,15,10 pieces,IFCT-2017-est
Walnuts,अखरोट,ಆಕ್ರೋಟ್,அக்ரூட்,আখরোট,NUT_OILSEED,nut,VEG,pan_indian,654,15.2,13.7,65.2,6.7,2.6,2,441,98,2.9,1,1.3,0,0,98,9.10,0,0,nut,low,heart;omega3;skin;brain,allergy_nut,all,premium,900,15,4 halves,IFCT-2017-est
Peanuts (Groundnut),मूंगफली,ಶೇಂಗಾ,நிலக்கடலை,চিনাবাদাম,NUT_OILSEED,oilseed,VEG,pan_indian,567,25.8,16.1,49.2,8.5,4.7,18,705,92,4.6,0,0,0,0,240,0.10,14,2,peanut,moderate,heart;diabetes_t2;underweight,allergy_peanut,winter,economy,150,15,handful,IFCT-2017-est
Pistachios,पिस्ता,ಪಿಸ್ತಾ,பிஸ்தா,পেস্তা,NUT_OILSEED,nut,VEG,pan_indian,560,20.0,28.0,45.0,10.0,7.7,1,1025,105,3.9,28,5.0,0,0,51,0.30,15,4,nut,moderate,heart;diabetes_t2,allergy_nut,all,premium,1500,15,~30 pieces,IFCT-2017-est
Flaxseeds (Alsi),अलसी,ಅಗಸೆ,ஆளி விதை,তিসি,NUT_OILSEED,seed,VEG,pan_indian,534,18.3,28.9,42.2,27.3,1.6,30,813,255,5.7,0,0.6,0,0,87,22.80,0,0,,moderate,heart;omega3;pcos;hypothyroid;hyperlipidemia,,all,economy,200,10,1 tbsp,IFCT-2017-est
Chia Seeds,चिया,ಚಿಯಾ,சியா விதை,চিয়া,NUT_OILSEED,seed,VEG,pan_indian,486,16.5,42.0,30.7,34.4,0.0,16,407,631,7.7,54,1.6,0,0,49,17.80,0,0,,low,heart;diabetes_t2;pcos;omega3;weight_loss,,all,premium,800,10,1 tbsp,IFCT-2017-est
Pumpkin Seeds,कद्दू के बीज,ಕುಂಬಳಕಾಯಿ ಬೀಜ,பூசணி விதை,কুমড়ো বীজ,NUT_OILSEED,seed,VEG,pan_indian,559,30.2,10.7,49.0,6.0,1.4,7,809,46,8.8,1,1.9,0,0,58,0.20,0,0,,low,zinc;pcos;skin;hair;heart,,all,standard,250,10,1 tbsp,IFCT-2017-est
Sunflower Seeds,सूरजमुखी बीज,ಸೂರ್ಯಕಾಂತಿ ಬೀಜ,சூரியகாந்தி விதை,সূর্যমুখী বীজ,NUT_OILSEED,seed,VEG,pan_indian,584,20.8,20.0,51.5,8.6,2.6,9,645,78,5.3,3,1.4,0,0,227,0.07,0,0,,low,heart;skin;vitamin_e,,all,standard,200,10,1 tbsp,IFCT-2017-est
Sesame Seeds (White),तिल,ಎಳ್ಳು,எள்,তিল,NUT_OILSEED,seed,VEG,pan_indian,573,17.7,23.4,49.7,11.8,0.3,11,468,975,14.6,1,0,0,0,97,0.30,0,0,sesame,moderate,calcium;osteoporosis;anaemia,sesame_allergy,winter,economy,150,10,1 tbsp,IFCT-2017-est
Mustard Seeds,सरसों,ಸಾಸಿವೆ,கடுகு,সরিষা,NUT_OILSEED,seed,VEG,pan_indian,508,26.0,28.0,36.0,12.0,0.0,13,738,266,9.2,2,7.0,0,0,162,5.50,0,0,mustard,low,omega3,mustard_allergy,all,economy,80,5,1 tsp,IFCT-2017-est
Fenugreek Seeds (Methi),मेथी दाना,ಮೆಂತ್ಯ,வெந்தயம்,মেথি,SPICE,seed,VEG,pan_indian,323,23.0,58.4,6.4,24.6,0.0,67,770,176,33.5,3,3.0,0,0,57,0.40,0,0,,moderate,diabetes_t2;pcos;hair;lactation,,all,economy,80,5,1 tsp,IFCT-2017-est
Coconut (Fresh),नारियल,ತೆಂಗಿನ ತಿರುಳು,தேங்காய்,নারকেল,NUT_OILSEED,fruit_nut,VEG,coastal;south_indian,354,3.3,15.2,33.5,9.0,6.2,20,356,14,2.4,0,3.3,0,0,26,0.0,42,6,,low,,hyperlipidemia,all,economy,40,30,small piece,IFCT-2017-est
Coconut (Dry / Copra),सूखा नारियल,ಒಣ ತೆಂಗಿನಕಾಯಿ,கொப்பரை,শুকনো নারকেল,NUT_OILSEED,fruit_nut,VEG,coastal,662,7.0,24.0,62.0,16.0,7.0,37,545,26,3.3,0,1.5,0,0,9,0.0,42,10,,low,,hyperlipidemia,all,economy,150,15,1 tbsp,IFCT-2017-est
Mustard Oil,सरसों का तेल,ಸಾಸಿವೆ ಎಣ್ಣೆ,கடுகு எண்ணெய்,সরিষার তেল,FAT_OIL,oil,VEGAN,north_indian;bengali,884,0,0,100,0,0,0,0,0,0,0,0,0,0,0,5.90,0,0,,low,heart;omega3,,all,economy,150,5,1 tsp,IFCT-2017-est
Coconut Oil,नारियल तेल,ತೆಂಗಿನ ಎಣ್ಣೆ,தேங்காய் எண்ணெய்,নারকেল তেল,FAT_OIL,oil,VEGAN,kerala;coastal,884,0,0,100,0,0,0,0,1,0,0,0,0,0,0,0.0,0,0,,low,,hyperlipidemia,all,standard,250,5,1 tsp,IFCT-2017-est
Groundnut Oil,मूंगफली का तेल,ನೆಲಗಡಲೆ ಎಣ್ಣೆ,கடலை எண்ணெய்,চিনাবাদামের তেল,FAT_OIL,oil,VEGAN,pan_indian,884,0,0,100,0,0,0,0,0,0,0,0,0,0,0,0.10,0,0,peanut,low,,allergy_peanut,all,economy,160,5,1 tsp,IFCT-2017-est
Sunflower Oil,सूरजमुखी तेल,ಸೂರ್ಯಕಾಂತಿ ಎಣ್ಣೆ,சூரியகாந்தி எண்ணெய்,সূর্যমুখী তেল,FAT_OIL,oil,VEGAN,pan_indian,884,0,0,100,0,0,0,0,0,0,0,0,0,0,0,0.20,0,0,,low,,,all,economy,140,5,1 tsp,IFCT-2017-est
Olive Oil,जैतून का तेल,ಆಲಿವ್ ಎಣ್ಣೆ,ஆலிவ் எண்ணெய்,অলিভ অয়েল,FAT_OIL,oil,VEGAN,pan_indian,884,0,0,100,0,0,2,1,1,0.6,0,0,0,0,0,0.80,0,0,,low,heart;mediterranean,,all,premium,500,5,1 tsp,IFCT-2017-est
Sesame Oil (Til),तिल का तेल,ಎಳ್ಳಿನ ಎಣ್ಣೆ,எள் எண்ணெய்,তিলের তেল,FAT_OIL,oil,VEGAN,south_indian,884,0,0,100,0,0,0,0,0,0,0,0,0,0,0,0.30,0,0,sesame,low,,sesame_allergy,all,standard,400,5,1 tsp,IFCT-2017-est
Spinach (Palak),पालक,ಪಾಲಕ್,கீரை,পালং শাক,GLV,green_leafy,VEG,pan_indian,26,2.0,2.9,0.7,2.0,0.4,79,558,73,2.7,469,28.1,0,0,194,0.14,15,1,,low,anaemia;iron;b12;immunity,kidney_stones;warfarin,winter,economy,40,100,1 cup raw,IFCT-2017-est
Methi Leaves (Fenugreek),मेथी,ಮೆಂತ್ಯ ಸೊಪ್ಪು,வெந்தய இலை,মেথি শাক,GLV,green_leafy,VEG,pan_indian,49,4.4,6.0,0.9,1.1,0.3,76,500,395,16.5,469,52.0,0,0,57,0.20,15,2,,low,anaemia;diabetes_t2;pcos;lactation,warfarin,winter,economy,40,100,1 cup raw,IFCT-2017-est
Amaranth Leaves (Cholai),चौलाई,ರಾಜಗಿರಿ ಸೊಪ್ಪು,அரைக்கீரை,আমরন্ত পাতা,GLV,green_leafy,VEG,karnataka;tamil_nadu;andhra,23,4.0,4.0,0.3,2.4,0.0,20,611,267,4.5,2917,43.0,0,0,80,0.10,15,1,,low,anaemia;iron;calcium;b12,warfarin,summer,economy,30,100,1 cup raw,IFCT-2017-est
Mustard Greens (Sarson),सरसों का साग,ಸಾಸಿವೆ ಸೊಪ್ಪು,கடுகு கீரை,সরষে শাক,GLV,green_leafy,VEG,punjab;north_indian,27,2.9,4.7,0.4,3.2,1.3,20,384,115,1.6,302,70.0,0,0,12,0.13,15,1,mustard,low,heart;anaemia,warfarin,winter,economy,40,100,1 cup raw,IFCT-2017-est
Drumstick Leaves (Moringa),सहजन पत्ता,ನುಗ್ಗೆ ಸೊಪ್ಪು,முருங்கை கீரை,সজনে পাতা,GLV,green_leafy,VEG,karnataka;south_indian,64,9.4,8.3,1.4,2.0,0.0,9,337,185,4.0,378,51.7,0,0,40,0.15,15,1,,low,anaemia;iron;immunity;diabetes_t2,warfarin,summer,economy,40,100,1 cup raw,IFCT-2017-est
Curry Leaves,कड़ी पत्ता,ಕರಿಬೇವು,கறிவேப்பிலை,কারি পাতা,SPICE,herb,VEG,south_indian;pan_indian,108,6.0,18.0,1.0,6.0,0.0,11,830,830,0.93,7560,4.0,0,0,93,0.10,0,0,,low,hair;anaemia,,all,economy,150,2,sprig,IFCT-2017-est
Coriander Leaves (Dhania),धनिया पत्ता,ಕೊತ್ತಂಬರಿ ಸೊಪ್ಪು,கொத்தமல்லி,ধনে পাতা,GLV,herb,VEG,pan_indian,23,2.1,3.7,0.5,2.8,0.9,46,521,67,1.8,337,27.0,0,0,62,0.03,0,0,,low,digestion;detox,,winter,economy,30,20,small bunch,IFCT-2017-est
Mint Leaves (Pudina),पुदीना,ಪುದೀನ,புதினா,পুদিনা,GLV,herb,VEG,pan_indian,44,3.3,8.4,0.7,8.0,0.0,30,569,243,11.9,212,13.3,0,0,114,0.05,0,0,,moderate,digestion;ibs;cooling;gerd,,summer,economy,30,20,small bunch,IFCT-2017-est
Cabbage,पत्ता गोभी,ಎಲೆಕೋಸು,முட்டைகோசு,বাঁধাকপি,VEGETABLE,cruciferous,VEG,pan_indian,25,1.3,5.8,0.1,2.5,3.2,18,170,40,0.5,5,36.6,0,0,43,0.04,10,1,,high,weight_loss;diabetes_t2,thyroid;ibs_d;gas,winter,economy,15,80,1 cup chopped,IFCT-2017-est
Cauliflower,फूलगोभी,ಹೂಕೋಸು,காலிஃபிளவர்,ফুলকপি,VEGETABLE,cruciferous,VEG,pan_indian,25,1.9,4.9,0.3,2.0,1.9,30,299,22,0.4,0,48.2,0,0,57,0.04,15,1,,high,weight_loss;diabetes_t2,thyroid;ibs_d;gas;gout,winter,economy,30,80,1 cup florets,IFCT-2017-est
Broccoli,ब्रोकली,ಬ್ರೊಕೋಲಿ,புரோக்கோலி,ব্রকলি,VEGETABLE,cruciferous,VEG,pan_indian,34,2.8,6.6,0.4,2.6,1.7,33,316,47,0.7,31,89.2,0,0,63,0.13,15,1,,moderate,weight_loss;diabetes_t2;cancer,thyroid_severe;ibs_d,winter,premium,200,80,1 cup florets,IFCT-2017-est
Carrot,गाजर,ಕ್ಯಾರೆಟ್,கேரட்,গাজর,ROOT_TUBER,root,VEG,pan_indian,41,0.9,9.6,0.2,2.8,4.7,69,320,33,0.3,835,5.9,0,0,19,0.0,39,4,,low,vitamin_a;eye_health;weight_loss,,winter,economy,30,80,1 medium,IFCT-2017-est
Beetroot,चुकंदर,ಬೀಟ್ರೂಟ್,பீட்ரூட்,বিট,ROOT_TUBER,root,VEG,pan_indian,43,1.6,9.6,0.2,2.8,6.8,78,325,16,0.8,2,4.9,0,0,109,0.0,64,6,,moderate,anaemia;heart;bp,kidney_stones,winter,economy,30,80,1 medium,IFCT-2017-est
Potato,आलू,ಆಲೂಗಡ್ಡೆ,உருளைக்கிழங்கு,আলু,ROOT_TUBER,tuber,VEG,pan_indian,77,2.0,17.0,0.1,2.2,0.8,6,425,12,0.8,2,19.7,0,0,15,0.0,82,14,,low,,diabetes_t2;pcos;weight_loss,all,economy,15,80,1 medium,IFCT-2017-est
Sweet Potato,शकरकंद,ಸಿಹಿ ಗೆಣಸು,சர்க்கரை வள்ளி,মিষ্টি আলু,ROOT_TUBER,tuber,VEG,pan_indian,86,1.6,20.1,0.1,3.0,4.2,55,337,30,0.6,709,2.4,0,0,11,0.01,63,13,,low,diabetes_t2;weight_loss;eye_health;pregnancy,,winter,economy,30,80,1 medium,IFCT-2017-est
Onion (Red),प्याज,ಈರುಳ್ಳಿ,வெங்காயம்,পেঁয়াজ,VEGETABLE,bulb,VEG,pan_indian,40,1.1,9.3,0.1,1.7,4.2,4,146,23,0.2,2,7.4,0,0,19,0.0,10,1,,high,heart;diabetes_t2,ibs;gerd;onion_garlic_avoid,all,economy,30,30,1 small,IFCT-2017-est
Garlic,लहसुन,ಬೆಳ್ಳುಳ್ಳಿ,பூண்டு,রসুন,SPICE,bulb,VEG,pan_indian,149,6.4,33.1,0.5,2.1,1.0,17,401,181,1.7,0,31.2,0,0,3,0.02,0,0,,high,heart;immunity;bp,ibs;gerd;onion_garlic_avoid,all,economy,200,5,2-3 cloves,IFCT-2017-est
Ginger,अदरक,ಶುಂಠಿ,இஞ்சி,আদা,SPICE,rhizome,VEG,pan_indian,80,1.8,17.8,0.7,2.0,1.7,13,415,16,0.6,0,5.0,0,0,11,0.03,0,0,,moderate,digestion;nausea;immunity;ibs,,all,economy,200,5,1-inch piece,IFCT-2017-est
Tomato (Ripe),टमाटर,ಟೊಮಾಟೋ,தக்காளி,টমেটো,VEGETABLE,fruit_veg,VEG,pan_indian,18,0.9,3.9,0.2,1.2,2.6,5,237,10,0.3,42,13.7,0,0,15,0.0,15,1,,low,heart;skin;weight_loss,gerd;acidity,all,economy,15,80,1 medium,IFCT-2017-est
Cucumber,खीरा,ಸೌತೆಕಾಯಿ,வெள்ளரி,শসা,VEGETABLE,gourd,VEG,pan_indian,15,0.7,3.6,0.1,0.5,1.7,2,147,16,0.3,5,2.8,0,0,7,0.0,15,1,,low,hydration;weight_loss;cooling,,summer,economy,20,80,½ cup,IFCT-2017-est
Bottle Gourd (Lauki),लौकी,ಸೋರೆಕಾಯಿ,சுரைக்காய்,লাউ,VEGETABLE,gourd,VEG,pan_indian,15,0.6,3.4,0.0,0.5,1.4,2,150,20,0.2,0,10.0,0,0,6,0.0,15,1,,low,weight_loss;diabetes_t2;digestion;ckd;summer,,summer,economy,20,80,1 cup,IFCT-2017-est
Ridge Gourd (Turai),तोरई,ಹೀರೆಕಾಯಿ,பீர்க்கங்காய்,ঝিঙে,VEGETABLE,gourd,VEG,pan_indian,17,0.5,4.3,0.1,1.0,2.0,3,140,20,0.4,8,5.0,0,0,7,0.0,15,1,,low,weight_loss;diabetes_t2,,summer,economy,15,80,1 cup,IFCT-2017-est
Bitter Gourd (Karela),करेला,ಹಾಗಲಕಾಯಿ,பாகற்காய்,করলা,VEGETABLE,gourd,VEG,pan_indian,17,1.0,3.7,0.2,2.8,0.0,5,296,19,0.4,24,84.0,0,0,72,0.02,15,1,,low,diabetes_t2;pcos;liver_support;immunity,gerd;hypoglycemia,summer,economy,30,80,1 cup,IFCT-2017-est
Snake Gourd (Padwal),पडवल,ಪಡವಲ,புடலங்காய்,চিচিঙ্গা,VEGETABLE,gourd,VEG,south_indian,18,0.5,4.0,0.3,1.0,1.5,8,260,26,0.6,18,3.0,0,0,5,0.0,15,1,,low,weight_loss;diabetes_t2;summer,,summer,economy,20,80,1 cup,IFCT-2017-est
Pumpkin (Yellow),कद्दू,ಸಿಹಿಗುಂಬಳ,பரங்கிக்காய்,কুমড়ো,VEGETABLE,gourd,VEG,pan_indian,26,1.0,6.5,0.1,0.5,2.8,1,340,21,0.8,426,9.0,0,0,16,0.0,75,5,,low,vitamin_a;eye_health;digestion,,winter,economy,15,80,1 cup,IFCT-2017-est
Brinjal (Eggplant),बैंगन,ಬದನೆಕಾಯಿ,கத்திரி,বেগুন,VEGETABLE,nightshade,VEG,pan_indian,25,1.0,5.9,0.2,3.0,3.5,2,229,9,0.2,1,2.2,0,0,22,0.0,15,1,nightshade,low,heart;weight_loss,nightshade_avoid;arthritis,all,economy,15,80,½ cup,IFCT-2017-est
Okra (Bhindi),भिंडी,ಬೆಂಡೆಕಾಯಿ,வெண்டைக்காய்,ঢেঁড়স,VEGETABLE,pod,VEG,pan_indian,33,1.9,7.5,0.2,3.2,1.5,7,299,82,0.6,36,23.0,0,0,60,0.03,15,1,,moderate,diabetes_t2;heart;digestion,kidney_stones,summer,economy,30,80,1 cup,IFCT-2017-est
Cluster Beans (Gawar),गवार,ಗೋರಿಕಾಯಿ,கொத்தவரங்காய்,বরবটি,VEGETABLE,pod,VEG,pan_indian,16,3.2,10.8,0.4,3.0,2.0,5,243,57,1.1,8,49.0,0,0,30,0.05,15,1,,moderate,diabetes_t2,gout,summer,economy,20,80,1 cup,IFCT-2017-est
Capsicum (Green),शिमला मिर्च,ಡೊಣ್ಣೆ ಮೆಣಸಿನಕಾಯಿ,குடைமிளகாய்,ক্যাপসিকাম,VEGETABLE,fruit_veg,VEG,pan_indian,20,0.9,4.6,0.2,1.7,2.4,3,175,10,0.3,18,80.4,0,0,10,0.0,15,1,,low,vitamin_c;heart;weight_loss,gerd,all,economy,40,80,½ cup,IFCT-2017-est
Green Peas (Fresh),हरी मटर,ಬಟಾಣಿ,பச்சை பட்டாணி,কড়াইশুঁটি,VEGETABLE,legume_fresh,VEG,pan_indian,81,5.4,14.5,0.4,5.7,5.7,5,244,25,1.5,38,40.0,0,0,65,0.03,48,7,,moderate,protein;diabetes_t2;heart,gout;ibs,winter,economy,40,80,½ cup,IFCT-2017-est
French Beans,फ्रेंच बीन्स,ಬೀನ್ಸ್,பீன்ஸ்,ফরাসি বিন,VEGETABLE,pod,VEG,pan_indian,31,1.8,7.0,0.2,3.4,1.4,6,209,37,1.0,35,12.2,0,0,33,0.05,15,1,,moderate,diabetes_t2,gout,winter,economy,40,80,1 cup,IFCT-2017-est
Mushrooms (Button),मशरूम,ಅಣಬೆ,காளான்,মাশরুম,VEGETABLE,fungi,VEG,pan_indian,22,3.1,3.3,0.3,1.0,2.0,5,318,3,0.5,0,2.1,0.2,0,17,0.0,10,0,,moderate,b_vitamins;weight_loss,sattvic_avoid;jain_avoid,all,standard,200,80,1 cup,IFCT-2017-est
Radish (White),मूली,ಮೂಲಂಗಿ,முள்ளங்கி,মূলো,ROOT_TUBER,root,VEG,pan_indian,16,0.7,3.4,0.1,1.6,1.9,39,233,25,0.3,0,14.8,0,0,25,0.0,15,1,,low,liver;digestion;weight_loss,thyroid,winter,economy,15,80,½ cup,IFCT-2017-est
Apple,सेब,ಸೇಬು,ஆப்பிள்,আপেল,FRUIT,pome,VEG,pan_indian,52,0.3,13.8,0.2,2.4,10.4,1,107,6,0.1,3,4.6,0,0,3,0.01,38,5,,high,heart;diabetes_t2;weight_loss,,winter,standard,200,150,1 medium,IFCT-2017-est
Banana,केला,ಬಾಳೆಹಣ್ಣು,வாழைப்பழம்,কলা,FRUIT,tropical,VEG,pan_indian,89,1.1,22.8,0.3,2.6,12.2,1,358,5,0.3,3,8.7,0,0,20,0.03,51,12,,moderate,energy;potassium;pre_workout,diabetes_t2_strict;weight_loss,all,economy,8,120,1 medium,IFCT-2017-est
Mango (Ripe),आम,ಮಾವಿನ ಹಣ್ಣು,மாம்பழம்,আম,FRUIT,tropical,VEG,pan_indian,60,0.8,15.0,0.4,1.6,13.7,1,168,11,0.2,54,36.4,0,0,43,0.03,55,8,,moderate,vitamin_a;summer,diabetes_t2_strict;weight_loss,summer,economy,80,150,half medium,IFCT-2017-est
Papaya (Ripe),पपीता,ಪರಂಗಿಹಣ್ಣು,பப்பாளி,পেঁপে,FRUIT,tropical,VEG,pan_indian,43,0.5,10.8,0.3,1.7,7.8,8,182,20,0.3,47,60.9,0,0,37,0.0,60,7,,low,digestion;skin;immunity;pregnancy_late,early_pregnancy,all,economy,40,150,1 cup cubes,IFCT-2017-est
Guava,अमरूद,ಪೇರಲ,கொய்யா,পেয়ারা,FRUIT,tropical,VEG,pan_indian,68,2.6,14.3,1.0,5.4,8.9,2,417,18,0.3,31,228.3,0,0,49,0.10,12,2,,moderate,vitamin_c;diabetes_t2;digestion;weight_loss,,winter,economy,40,120,1 medium,IFCT-2017-est
Orange,संतरा,ಕಿತ್ತಳೆ,ஆரஞ்சு,কমলা,FRUIT,citrus,VEG,pan_indian,47,0.9,11.8,0.1,2.4,9.4,0,181,40,0.1,11,53.2,0,0,30,0.01,42,5,citrus,low,vitamin_c;immunity,gerd;ulcer,winter,economy,30,140,1 medium,IFCT-2017-est
Sweet Lime (Mosambi),मौसम्बी,ಮೂಸಂಬಿ,சாத்துக்குடி,মুসাম্বি,FRUIT,citrus,VEG,pan_indian,42,0.7,10.0,0.3,2.0,7.0,2,160,40,0.4,4,30.0,0,0,8,0.0,40,5,citrus,low,vitamin_c;hydration,gerd,all,economy,40,150,1 medium,IFCT-2017-est
Pomegranate,अनार,ದಾಳಿಂಬೆ,மாதுளை,ডালিম,FRUIT,seed_fruit,VEG,pan_indian,83,1.7,18.7,1.2,4.0,13.7,3,236,10,0.3,0,10.2,0,0,38,0.08,53,10,,low,heart;skin;anaemia,,winter,standard,180,100,½ cup arils,IFCT-2017-est
Grapes (Black),काले अंगूर,ಕಪ್ಪು ದ್ರಾಕ್ಷಿ,கருப்பு திராட்சை,কালো আঙুর,FRUIT,berry,VEG,pan_indian,69,0.7,17.0,0.2,0.9,16.0,2,191,10,0.4,3,3.2,0,0,2,0.01,53,9,,moderate,heart;skin,diabetes_t2_strict,winter,standard,80,80,small bunch,IFCT-2017-est
Watermelon,तरबूज,ಕಲ್ಲಂಗಡಿ,தர்பூசணி,তরমুজ,FRUIT,tropical,VEG,pan_indian,30,0.6,7.6,0.2,0.4,6.2,1,112,7,0.2,28,8.1,0,0,3,0.0,72,5,,low,hydration;summer;weight_loss,diabetes_t2,summer,economy,30,150,1 cup cubes,IFCT-2017-est
Musk Melon,खरबूजा,ಕರ್ಬೂಜ,மஸ்க்மெலன்,খরমুজ,FRUIT,tropical,VEG,pan_indian,34,0.8,8.2,0.2,0.9,7.9,16,267,9,0.2,169,36.7,0,0,21,0.0,65,5,,moderate,hydration;summer,diabetes_t2,summer,economy,40,150,1 cup cubes,IFCT-2017-est
Pineapple,अनानास,ಅನಾನಸ್,அன்னாசி,আনারস,FRUIT,tropical,VEG,pan_indian,50,0.5,13.1,0.1,1.4,9.9,1,109,13,0.3,3,47.8,0,0,18,0.0,66,9,,moderate,digestion;immunity;inflammation,gerd;ulcer,summer,standard,80,100,1 cup cubes,IFCT-2017-est
Strawberry,स्ट्रॉबेरी,ಸ್ಟ್ರಾಬೆರಿ,ஸ்ட்ராபெரி,স্ট্রবেরি,FRUIT,berry,VEG,pan_indian,32,0.7,7.7,0.3,2.0,4.9,1,153,16,0.4,1,58.8,0,0,24,0.07,40,3,,low,vitamin_c;skin;heart,strawberry_allergy,winter,premium,400,80,~6 berries,IFCT-2017-est
Blueberry (Imported),ब्लूबेरी,ಬ್ಲೂಬೆರಿ,ப்ளூபெர்ரி,ব্লুবেরি,FRUIT,berry,VEG,pan_indian,57,0.7,14.5,0.3,2.4,10.0,1,77,6,0.3,3,9.7,0,0,6,0.06,53,8,,low,brain;heart;diabetes_t2;skin,,all,premium,1200,80,½ cup,IFCT-2017-est
Pear,नाशपाती,ಪೇರ್,பேரிக்காய்,নাশপাতি,FRUIT,pome,VEG,pan_indian,57,0.4,15.2,0.1,3.1,9.8,1,116,9,0.2,1,4.3,0,0,7,0.0,38,6,,high,heart;digestion,,winter,standard,200,150,1 medium,IFCT-2017-est
Kiwi,कीवी,ಕಿವಿ,கிவி,কিউই,FRUIT,berry,VEG,pan_indian,61,1.1,14.7,0.5,3.0,9.0,3,312,34,0.3,4,92.7,0,0,25,0.04,52,6,,low,vitamin_c;heart;sleep,,all,premium,800,80,1 medium,IFCT-2017-est
Avocado,एवोकाडो,ಅವಕಾಡೊ,அவகாடோ,অ্যাভোকাডো,FRUIT,tropical,VEG,pan_indian,160,2.0,8.5,14.7,6.7,0.7,7,485,12,0.6,7,10.0,0,0,81,0.10,15,1,,low,heart;weight_loss;skin,latex_cross_react,all,premium,1200,80,half medium,IFCT-2017-est
Dates (Dry),खजूर,ಖರ್ಜೂರ,பேரீச்சம்பழம்,খেজুর,FRUIT,dried,VEG,pan_indian,277,1.8,75.0,0.2,6.7,63.0,1,696,64,1.0,7,0.4,0,0,15,0.04,42,30,,moderate,anaemia;energy;winter,diabetes_t2_strict;weight_loss,winter,standard,250,15,2-3 dates,IFCT-2017-est
Raisins (Black),काली किशमिश,ಕಪ್ಪು ಒಣದ್ರಾಕ್ಷಿ,கருப்பு திராட்சை,কিশমিশ,FRUIT,dried,VEG,pan_indian,299,3.1,79.0,0.5,3.7,59.0,11,749,50,1.9,0,2.3,0,0,5,0.01,64,50,,moderate,anaemia;energy,diabetes_t2_strict,winter,standard,400,15,1 tbsp,IFCT-2017-est
Amla (Indian Gooseberry),आंवला,ನೆಲ್ಲಿಕಾಯಿ,நெல்லிக்காய்,আমলকী,FRUIT,berry,VEG,pan_indian,44,0.9,10.2,0.1,4.3,4.0,5,225,25,1.2,17,600.0,0,0,6,0.0,40,4,,low,vitamin_c;immunity;hair;eye_health;diabetes_t2,,winter,economy,80,30,1 small,IFCT-2017-est
Black Pepper,काली मिर्च,ಕರಿಮೆಣಸು,மிளகு,গোল মরিচ,SPICE,spice,VEG,pan_indian,251,10.4,64.0,3.3,25.0,0.6,20,1329,443,9.7,15,0,0,0,17,0.16,0,0,,low,digestion;cold,gerd,all,economy,800,1,1 pinch,IFCT-2017-est
Turmeric (Haldi),हल्दी,ಅರಿಶಿಣ,மஞ்சள்,হলুদ,SPICE,spice,VEG,pan_indian,354,7.8,64.9,9.9,21.0,3.2,38,2525,183,41.4,0,25.9,0,0,39,0.45,0,0,,low,inflammation;immunity;liver;skin;arthritis,gallstones;warfarin,all,economy,300,2,1 tsp,IFCT-2017-est
Cumin Seeds (Jeera),जीरा,ಜೀರಿಗೆ,சீரகம்,জিরা,SPICE,spice,VEG,pan_indian,375,17.8,44.2,22.3,10.5,2.3,168,1788,931,66.4,64,7.7,0,0,10,1.70,0,0,,low,digestion;iron;ibs,,all,economy,400,2,1 tsp,IFCT-2017-est
Coriander Seeds (Dhania),धनिया,ಧನಿಯಾ,கொத்தமல்லி விதை,ধনে,SPICE,spice,VEG,pan_indian,298,12.4,55.0,17.8,42.0,0.0,35,1267,709,16.3,0,21.0,0,0,1,0.18,0,0,,low,digestion;diabetes_t2;thyroid,,all,economy,250,2,1 tsp,IFCT-2017-est
Asafoetida (Hing),हींग,ಇಂಗು,பெருங்காயம்,হিং,SPICE,resin,VEG,pan_indian,297,4.0,68.0,1.0,4.6,0.0,50,250,690,40.0,0,0,0,0,0,0.0,0,0,,low,digestion;gas;ibs,,all,premium,2000,1,small pinch,IFCT-2017-est
Cardamom (Green),हरी इलायची,ಏಲಕ್ಕಿ,ஏலக்காய்,এলাচ,SPICE,spice,VEG,pan_indian,311,10.8,68.5,6.7,28.0,0.0,18,1119,383,13.9,0,21.0,0,0,0,0.20,0,0,,low,digestion;mouth_freshener;cooling,,all,premium,3000,1,2-3 pods,IFCT-2017-est
Cinnamon (Dalchini),दालचीनी,ದಾಲ್ಚಿನ್ನಿ,இலவங்கப்பட்டை,দারুচিনি,SPICE,spice,VEG,pan_indian,247,4.0,80.6,1.2,53.1,2.2,10,431,1002,8.3,15,3.8,0,0,6,0.01,0,0,,low,diabetes_t2;pcos;heart;digestion,,all,economy,800,1,small piece,IFCT-2017-est
Cloves (Laung),लौंग,ಲವಂಗ,கிராம்பு,লবঙ্গ,SPICE,spice,VEG,pan_indian,274,5.9,65.5,13.0,33.9,2.4,277,1020,632,11.8,8,0.2,0,0,93,0.66,0,0,,low,digestion;toothache,,all,premium,1500,1,1-2 cloves,IFCT-2017-est
Fennel Seeds (Saunf),सौंफ,ಸೋಂಪು,சோம்பு,মৌরি,SPICE,seed,VEG,pan_indian,345,15.8,52.3,14.9,39.8,0.0,88,1694,1196,18.5,7,21.0,0,0,27,0.49,0,0,,low,digestion;lactation;cooling,,all,economy,300,2,1 tsp,IFCT-2017-est
Tamarind (Pulp),इमली,ಹುಣಸೆ,புளி,তেঁতুল,SPICE,sour,VEG,pan_indian,239,2.8,62.5,0.6,5.1,38.8,28,628,74,2.8,2,3.5,0,0,14,0.05,0,0,,low,digestion;vitamin_c,kidney_stones,all,economy,150,5,small ball,IFCT-2017-est
Honey,शहद,ಜೇನುತುಪ್ಪ,தேன்,মধু,SPICE,sweetener,VEG,pan_indian,304,0.3,82.4,0,0.2,82.1,4,52,6,0.4,0,0.5,0,0,2,0.0,55,45,,low,immunity;cough;winter,diabetes_t2_strict;infant_under_1;jain_strict,winter,standard,400,15,1 tbsp,IFCT-2017-est
Jaggery (Gur),गुड़,ಬೆಲ್ಲ,வெல்லம்,গুড়,SPICE,sweetener,VEG,pan_indian,383,0.4,98.0,0.1,0,97.0,30,1056,80,11.4,0,0,0,0,0,0.0,84,82,,low,iron;winter;anaemia,diabetes_t2;weight_loss,winter,economy,80,10,1 tsp,IFCT-2017-est
Sugar (White),चीनी,ಸಕ್ಕರೆ,சர்க்கரை,চিনি,SPICE,sweetener,VEG,pan_indian,387,0,99.8,0,0,99.8,1,2,1,0.0,0,0,0,0,0,0.0,65,65,,low,,diabetes_t2;pcos;weight_loss;hyperlipidemia,all,economy,45,5,1 tsp,IFCT-2017-est
Salt (Iodized),नमक,ಉಪ್ಪು,உப்பு,নুন,SPICE,mineral,VEG,pan_indian,0,0,0,0,0,0,38758,0,0,0,0,0,0,0,0,0.0,0,0,,low,iodine,hypertension;ckd,all,economy,25,2,small pinch,IFCT-2017-est
Tea Leaves (Black),चाय पत्ती,ಚಹಾ ಎಲೆ,தேயிலை,চা পাতা,BEVERAGE,leaf,VEG,pan_indian,1,0.2,0.2,0,0,0,3,38,3,1.0,0,0,0,0,1,0.0,0,0,,low,antioxidant,iron_deficient_with_meals,all,economy,500,2,1 tsp dry,IFCT-2017-est
Green Tea (Brewed),ग्रीन टी,ಗ್ರೀನ್ ಟೀ,கிரீன் டீ,গ্রিন টি,BEVERAGE,brewed,VEG,pan_indian,1,0,0,0,0,0,1,8,0,0,0,0.3,0,0,0,0.0,0,0,,low,antioxidant;weight_loss;heart,iron_deficient,all,standard,500,200,1 cup,IFCT-2017-est
Coffee (Black, Brewed),काली कॉफी,ಬ್ಲಾಕ್ ಕಾಫಿ,கருப்பு காபி,কালো কফি,BEVERAGE,brewed,VEG,pan_indian,2,0.3,0,0,0,0,2,49,2,0.0,0,0,0,0,1,0.0,0,0,,low,alertness,gerd;anxiety;hypertension;pregnancy,all,standard,500,200,1 cup,IFCT-2017-est
Lemon (Juice),नींबू रस,ನಿಂಬೆ ರಸ,எலுமிச்சை சாறு,লেবু,FRUIT,citrus,VEG,pan_indian,22,0.4,6.9,0.2,0.3,2.5,2,103,6,0.1,1,38.7,0,0,11,0.0,20,1,citrus,low,vitamin_c;digestion,gerd;ulcer,all,economy,3,5,1 tsp,IFCT-2017-est
Lemon (Whole),नींबू,ನಿಂಬೆ,எலுமிச்சை,লেবু,FRUIT,citrus,VEG,pan_indian,29,1.1,9.3,0.3,2.8,2.5,2,138,26,0.6,1,53.0,0,0,11,0.03,20,1,citrus,low,vitamin_c;detox,gerd;ulcer,all,economy,5,30,1 small,IFCT-2017-est
Tender Coconut Water,नारियल पानी,ಎಳನೀರು,இளநீர்,ডাবের জল,BEVERAGE,natural,VEG,coastal;south_indian,19,0.7,3.7,0.2,1.1,2.6,105,250,24,0.3,0,2.4,0,0,3,0.0,3,0,,low,hydration;electrolytes;summer;pregnancy,ckd_late,summer,standard,40,200,1 glass,IFCT-2017-est
Yogurt (Low Fat Plain),कम वसा दही,ಕಡಿಮೆ ಕೊಬ್ಬಿನ ಮೊಸರು,குறைந்த கொழுப்பு தயிர்,কম ফ্যাটের দই,DAIRY,fermented,VEG,pan_indian,63,5.0,7.0,1.5,0,7.0,46,234,143,0.1,7,0.5,0.1,0.5,11,0.02,11,1,dairy,low,gut_healing;weight_loss;pcos,lactose_severe,all,standard,80,150,½ cup,IFCT-2017-est
Bread (Whole Wheat),ब्राउन ब्रेड,ಬ್ರೌನ್ ಬ್ರೆಡ್,பழுப்பு ரொட்டி,ব্রাউন পাঁউরুটি,PROCESSED,bread,VEG,pan_indian,247,13.0,41.0,4.2,7.0,5.6,400,248,107,2.5,0,0,0,0,29,0.05,52,21,gluten,moderate,,coeliac;diabetes_t2_strict,all,economy,40,30,1 slice,IFCT-2017-est
Idli Batter (Rice-Urad),इडली बैटर,ಇಡ್ಲಿ ಹಿಟ್ಟು,இட்லி மாவு,ইডলি ব্যাটার,PROCESSED,batter,VEG,south_indian,135,4.0,28.0,0.5,1.5,0.5,150,80,15,1.0,0,0,0,0,40,0.02,55,15,,low,,,all,economy,40,60,batter for 1 idli,IFCT-2017-est
Dosa Batter (Rice-Urad),डोसा बैटर,ದೋಸೆ ಹಿಟ್ಟು,தோசை மாவு,দোসা ব্যাটার,PROCESSED,batter,VEG,south_indian,168,5.0,32.0,2.0,1.5,0.5,250,90,15,1.0,0,0,0,0,38,0.02,58,18,,low,,,all,economy,40,60,batter for 1 dosa,IFCT-2017-est
Whey Protein (Plain),व्हे प्रोटीन,ವೇ ಪ್ರೋಟೀನ್,வே புரோட்டீன்,হোয়ে প্রোটিন,PROCESSED,supplement,VEG,pan_indian,380,80.0,5.0,5.0,1.0,3.0,150,160,400,0.6,0,0,3.5,1.5,40,0.05,0,0,dairy,low,muscle_gain;high_protein,lactose,all,premium,2500,30,1 scoop,IFCT-2017-est
Tofu Silken,सिल्कन टोफू,ಸಿಲ್ಕನ್ ತೋಫು,ஸில்க் டோஃபு,সিল্কেন তোফু,PULSE_LEGUME,soy_product,VEG,pan_indian,55,5.0,2.0,3.0,0.5,0.5,8,150,200,1.0,0,0,0,0,12,0.20,15,1,soy,low,vegan;menopause,thyroid,all,standard,90,80,½ cup,IFCT-2017-est
Soy Milk (Plain),सोया दूध,ಸೋಯಾ ಹಾಲು,சோயா பால்,সয়া দুধ,PULSE_LEGUME,beverage,VEG,pan_indian,54,3.3,6.3,1.8,0.6,3.7,51,118,25,0.6,32,0,1.1,1.2,18,0.06,30,2,soy,low,vegan;heart,thyroid,all,standard,90,200,1 cup,IFCT-2017-est
Almond Milk (Unsweetened),बादाम दूध,ಬಾದಾಮಿ ಹಾಲು,பாதாம் பால்,বাদাম দুধ,NUT_OILSEED,beverage,VEGAN,pan_indian,17,0.6,0.6,1.5,0.3,0.0,63,67,200,0.3,0,0,1.0,0,0,0.0,30,0,nut,low,vegan;lactose_free,allergy_nut,all,premium,150,200,1 cup,IFCT-2017-est
Tinda (Apple Gourd),टिंडा,ಟಿಂಡಾ,டிண்டா,টিন্ডা,VEGETABLE,gourd,VEG,north_indian,21,1.4,4.0,0.2,2.0,1.5,2,165,24,0.6,0,18.0,0,0,7,0.0,15,1,,low,weight_loss;summer,,summer,economy,30,80,1 cup,IFCT-2017-est
Ash Gourd (Petha),पेठा,ಬೂದು ಕುಂಬಳ,நீர் பூசணி,চালকুমড়া,VEGETABLE,gourd,VEG,pan_indian,13,0.4,3.0,0.2,2.9,1.9,111,6,19,0.4,1,13.0,0,0,5,0.0,15,1,,low,weight_loss;cooling;diabetes_t2;ayurveda,,summer,economy,15,80,1 cup,IFCT-2017-est
Raw Banana (Plantain),कच्चा केला,ಬಾಳೆಕಾಯಿ,வாழைக்காய்,কাঁচকলা,VEGETABLE,starchy,VEG,kerala;south_indian,89,1.0,21.7,0.5,2.3,1.5,4,499,3,0.6,18,18.0,0,0,22,0.03,40,9,,low,gut_healing;ibs_d;diabetes_t2,,all,economy,30,80,1 cup,IFCT-2017-est
Yam (Suran),सूरन,ಸುವರ್ಣಗಡ್ಡೆ,கருணைக்கிழங்கு,সুরন,ROOT_TUBER,tuber,VEG,pan_indian,118,1.5,27.9,0.2,4.1,0.5,9,816,17,0.5,7,17.1,0,0,23,0.0,54,15,,moderate,diabetes_t2,gout;arthritis;jain_avoid,all,economy,30,80,small piece,IFCT-2017-est
Colocasia (Arbi),अरबी,ಕೆಸುವಿನ ಗಡ್ಡೆ,சேப்பங்கிழங்கு,কচু,ROOT_TUBER,tuber,VEG,pan_indian,112,1.5,26.5,0.2,4.1,0.4,11,591,43,0.6,4,4.5,0,0,22,0.0,55,15,,moderate,potassium;digestion,gout;jain_avoid,all,economy,30,80,1 cup,IFCT-2017-est
Beetroot Greens,चुकंदर पत्ता,ಬೀಟ್ರೂಟ್ ಸೊಪ್ಪು,பீட்ரூட் கீரை,বিট পাতা,GLV,green_leafy,VEG,pan_indian,22,2.2,4.3,0.1,3.7,0.5,226,762,117,2.6,316,30.0,0,0,15,0.05,15,1,,low,iron;vitamin_a,kidney_stones;warfarin,winter,economy,20,100,1 cup raw,IFCT-2017-est
Lotus Stem (Kamal Kakdi),कमल ककड़ी,ತಾವರೆ ಕಾಂಡ,தாமரை தண்டு,কমল কাকড়ি,VEGETABLE,aquatic,VEG,kashmir;bengali,74,2.6,17.2,0.1,4.9,0.5,40,556,45,1.2,0,44.0,0,0,8,0.0,33,5,,low,heart;diabetes_t2,,winter,standard,80,80,1 cup,IFCT-2017-est
Banana Stem,केला तना,ಬಾಳೆ ದಿಂಡು,வாழைத்தண்டு,কলার থোড়,VEGETABLE,stem,VEG,kerala;tamil_nadu,40,1.0,8.0,0.4,2.5,0.5,5,300,30,1.6,0,12.0,0,0,5,0.0,15,1,,low,weight_loss;kidney_stones;diabetes_t2;detox,,all,economy,30,80,1 cup,IFCT-2017-est
Drumstick (Moringa Pod),सहजन फली,ನುಗ್ಗೆಕಾಯಿ,முருங்கைக்காய்,সজনে ডাঁটা,VEGETABLE,pod,VEG,south_indian;pan_indian,37,2.1,8.5,0.2,3.2,3.0,30,461,30,0.4,4,141.0,0,0,44,0.0,15,1,,low,vitamin_c;immunity;diabetes_t2;anaemia,gout,summer,economy,40,80,1 cup chopped,IFCT-2017-est
Curd Rice Mix (cooked),दही चावल,ಮೊಸರನ್ನ,தயிர் சாதம்,দই ভাত,PROCESSED,cooked_dish,VEG,south_indian,90,2.5,15.0,2.0,0.6,2.0,180,90,40,0.4,15,1.0,0,0.1,5,0.02,55,8,dairy,low,gut_healing;summer;cooling,lactose,summer,economy,30,150,1 cup,Clinic-Curated
Spinach Cooked,पका पालक,ಬೇಯಿಸಿದ ಪಾಲಕ್,வேக வைத்த கீரை,সিদ্ধ পালং,GLV,cooked,VEG,pan_indian,23,3.0,3.8,0.3,2.4,0.4,70,466,136,3.6,524,9.8,0,0,146,0.14,15,1,,low,iron;b12;anaemia,kidney_stones;warfarin,winter,economy,40,150,1 cup,IFCT-2017-est
Dal (cooked, mixed),पकी दाल,ಬೇಯಿಸಿದ ಬೇಳೆ,வேக வைத்த பருப்பு,সিদ্ধ ডাল,PULSE_LEGUME,cooked,VEG,pan_indian,116,9.0,20.0,0.4,8.0,1.8,250,370,30,3.3,8,1.5,0,0,180,0.05,29,6,,moderate,high_protein;diabetes_t2;pcos,gout,all,economy,15,150,1 small bowl,Clinic-Curated
Roti (Whole Wheat, cooked),रोटी,ರೊಟ್ಟಿ,கோதுமை ரொட்டி,রুটি,CEREAL_MILLET,cooked,VEG,pan_indian,264,9.1,49.0,3.7,7.0,2.4,300,170,45,2.5,0,0,0,0,30,0.05,68,33,gluten,moderate,,coeliac,all,economy,5,40,1 medium roti,IFCT-2017-est
Idli (Steamed),इडली,ಇಡ್ಲಿ,இட்லி,ইডলি,PROCESSED,cooked_dish,VEG,south_indian,150,4.5,28.0,0.5,1.5,0.5,180,90,15,1.0,0,0,0,0,40,0.02,55,15,,low,light;easy_to_digest;summer,,all,economy,8,80,1 medium idli,Clinic-Curated
Dosa (Plain, cooked),दोसा,ದೋಸೆ,தோசை,দোসা,PROCESSED,cooked_dish,VEG,south_indian,168,5.5,32.0,2.5,1.5,0.5,250,110,15,1.0,0,0,0,0,38,0.02,58,18,,low,,,all,economy,15,60,1 medium dosa,Clinic-Curated
Upma (Suji, cooked),उपमा,ಉಪ್ಪಿಟ್ಟು,உப்மா,উপমা,PROCESSED,cooked_dish,VEG,south_indian,180,5.0,28.0,5.0,1.5,1.0,400,150,25,1.2,15,3.0,0,0,30,0.05,66,18,gluten,low,,coeliac,all,economy,20,150,1 cup,Clinic-Curated
Poha (cooked),पोहा,ಅವಲಕ್ಕಿ ಉಪ್ಪಿಟ್ಟು,அவல் உப்மா,চিড়ার পোলাও,PROCESSED,cooked_dish,VEG,pan_indian,180,4.5,28.0,5.5,1.0,1.5,350,120,20,2.5,30,8.0,0,0,15,0.05,65,18,,low,,,all,economy,15,150,1 cup,Clinic-Curated
Khichdi (Moong, cooked),खिचड़ी,ಖಿಚಡಿ,கிச்சடி,খিচুড়ি,PROCESSED,cooked_dish,VEG,pan_indian,134,6.0,21.0,2.5,2.5,0.5,300,200,25,1.5,8,1.5,0,0,40,0.03,55,12,,low,convalescence;light;easy_to_digest;gut_healing;ibs_c,,all,economy,15,200,1 bowl,Clinic-Curated
Sambar (cooked),सांभर,ಸಾಂಬಾರ್,சாம்பார்,সাম্বার,PROCESSED,cooked_dish,VEG,south_indian,80,4.5,12.0,1.8,3.0,1.5,400,300,40,1.8,40,8.0,0,0,40,0.05,40,5,,moderate,,,all,economy,15,180,1 cup,Clinic-Curated
Rasam (cooked),रसम,ರಸಂ,ரசம்,রসম,PROCESSED,cooked_dish,VEG,south_indian,35,1.5,6.0,0.5,1.0,1.0,500,150,15,0.5,5,5.0,0,0,8,0.02,15,1,,low,digestion;summer,gerd,all,economy,10,150,1 cup,Clinic-Curated
Coconut Chutney,नारियल चटनी,ತೆಂಗಿನ ಚಟ್ನಿ,தேங்காய் சட்னி,নারকেল চাটনি,PROCESSED,accompaniment,VEG,south_indian,170,3.0,7.0,15.0,4.5,3.0,250,180,15,1.0,0,2.0,0,0,12,0.0,42,3,,low,,hyperlipidemia,all,economy,15,30,2 tbsp,Clinic-Curated
Buttermilk Spiced (Masala Chaas),मसाला छाछ,ಮಸಾಲಾ ಮಜ್ಜಿಗೆ,மசாலா மோர்,মশলা ঘোল,DAIRY,fermented,VEG,pan_indian,42,1.8,4.0,1.8,0.2,3.0,200,150,90,0.2,15,1.0,0.1,0.3,4,0.02,15,1,dairy,low,gut_healing;digestion;summer,lactose_severe,summer,economy,20,200,1 glass,Clinic-Curated
Ginger-Lemon Water,अदरक नींबू पानी,ಶುಂಠಿ ನಿಂಬೆ ನೀರು,இஞ்சி எலுமிச்சை நீர்,আদা লেবু জল,BEVERAGE,infusion,VEG,pan_indian,6,0.1,1.5,0,0.1,0.4,1,30,5,0.1,0,5.0,0,0,2,0.0,0,0,,low,digestion;detox;nausea;early_morning,gerd_severe,all,economy,5,200,1 glass,Clinic-Curated
Methi Water (Soaked),मेथी पानी,ಮೆಂತ್ಯ ನೀರು,வெந்தய நீர்,মেথি জল,BEVERAGE,infusion,VEG,pan_indian,5,0.4,1.0,0.1,0.5,0,2,15,3,0.7,0,0,0,0,1,0.01,0,0,,low,diabetes_t2;pcos;hair;digestion;early_morning,,all,economy,5,200,1 glass,Clinic-Curated
Plain Water,पानी,ನೀರು,தண்ணீர்,জল,BEVERAGE,water,VEG,pan_indian,0,0,0,0,0,0,5,2,3,0,0,0,0,0,0,0.0,0,0,,low,hydration;always,,all,economy,1,250,1 glass,IFCT-2017-est
Sprouted Chana (Black),काला चना अंकुर,ಕಪ್ಪು ಕಡಲೆ ಮೊಳಕೆ,கருப்பு கடலை முளை,কালো ছোলা অঙ্কুর,PULSE_LEGUME,sprout,VEG,pan_indian,120,7.0,20.0,2.0,5.0,2.0,40,300,55,3.5,4,5.0,0,0,200,0.05,30,5,,moderate,protein;diabetes_t2;weight_loss;pcos,,all,economy,15,50,1 cup,Clinic-Curated
Egg Curry (cooked),अंडा करी,ಮೊಟ್ಟೆ ಸಾರು,முட்டை குழம்பு,ডিম কারি,PROCESSED,cooked_dish,EGG,pan_indian,135,8.5,5.0,8.5,1.0,2.0,400,200,40,1.5,80,3.0,1.0,0.5,30,0.05,15,1,egg,low,protein,,all,standard,30,200,1 cup with 1 egg,Clinic-Curated
Chicken Curry (cooked),चिकन करी,ಕೋಳಿ ಸಾರು,கோழி குழம்பு,চিকেন কারি,PROCESSED,cooked_dish,NON_VEG,pan_indian,150,15.0,5.0,8.0,1.0,2.0,400,250,30,1.2,15,4.0,0.1,0.4,12,0.10,15,1,,low,protein,gout,all,standard,80,200,1 cup,Clinic-Curated
Fish Curry (cooked),मछली करी,ಮೀನು ಸಾರು,மீன் குழம்பு,মাছের ঝোল,PROCESSED,cooked_dish,NON_VEG,coastal;bengali,120,14.0,4.0,5.5,1.0,1.5,400,250,80,1.0,18,3.0,2.0,1.8,12,0.50,15,1,fish,low,heart;omega3;protein,gout,all,standard,80,200,1 cup,Clinic-Curated
Lassi (Salted),नमकीन लस्सी,ಉಪ್ಪಿನ ಲಸ್ಸಿ,உப்பு லஸ்ஸி,নোনতা লস্যি,DAIRY,beverage,VEG,punjab,45,2.0,3.5,2.5,0.0,3.5,200,160,100,0.1,18,0.5,0.1,0.3,5,0.02,15,1,dairy,low,gut_healing;digestion;summer,lactose;hypertension,summer,economy,30,200,1 glass,Clinic-Curated
Black Sesame Seeds,काला तिल,ಕರಿ ಎಳ್ಳು,கருப்பு எள்,কালো তিল,NUT_OILSEED,seed,VEG,pan_indian,573,17.7,25.0,49.7,11.8,0.3,11,468,975,14.6,1,0,0,0,97,0.30,0,0,sesame,moderate,calcium;osteoporosis;anaemia;hair,sesame_allergy,winter,economy,200,10,1 tbsp,IFCT-2017-est
Sago (Sabudana),साबूदाना,ಸಬ್ಬಕ್ಕಿ,ஜவ்வரிசி,সাবুদানা,CEREAL_MILLET,starch,VEG,pan_indian,358,0.2,87.0,0.0,0.9,0.0,5,11,20,1.6,0,0,0,0,3,0.0,67,58,,low,fasting;easy_to_digest,diabetes_t2,all,economy,18,30,2 tbsp dry,IFCT-2017-est
Tinda Curry,टिंडा सब्जी,ಟಿಂಡಾ ಪಲ್ಯ,டிண்டா கறி,টিন্ডার তরকারি,PROCESSED,cooked_dish,VEG,north_indian,45,1.5,5.0,2.5,2.0,1.5,250,180,30,0.6,5,15.0,0,0,12,0.05,15,1,,low,weight_loss;diabetes_t2;summer,,summer,economy,15,150,1 cup,Clinic-Curated
Palak Paneer (cooked),पालक पनीर,ಪಾಲಕ ಪನೀರ್,கீரை பன்னீர்,পালং পনির,PROCESSED,cooked_dish,VEG,north_indian,150,8.5,5.0,11.0,2.5,1.5,400,300,200,2.5,300,15.0,0.2,0.5,80,0.10,15,1,dairy,low,protein;calcium;iron,lactose;hyperlipidemia,winter,standard,80,200,1 cup,Clinic-Curated
Vegetable Stir Fry (mixed),मिक्स सब्जी,ಮಿಶ್ರ ತರಕಾರಿ,கலந்த காய்கறி,মিশ্র সবজি,PROCESSED,cooked_dish,VEG,pan_indian,80,2.5,10.0,4.0,3.0,3.0,300,250,50,1.0,200,30.0,0,0,40,0.05,15,1,,low,weight_loss;balanced,,all,economy,20,150,1 cup,Clinic-Curated
Methi Thepla,मेथी थेपला,ಮೆಂತ್ಯ ರೊಟ್ಟಿ,வெந்தய ரொட்டி,মেথি থেপলা,PROCESSED,cooked_dish,VEG,gujarati,250,7.0,40.0,7.0,5.5,1.5,400,200,80,3.5,200,15.0,0,0,40,0.10,55,22,gluten,moderate,diabetes_t2;pcos;anaemia,coeliac,all,economy,15,40,1 thepla,Clinic-Curated
Bajra Rotla,बाजरा रोटला,ಸಜ್ಜೆ ರೊಟ್ಟಿ,கம்பு ரொட்டி,বাজরা রুটি,PROCESSED,cooked_dish,VEG,rajasthan;gujarat,265,8.0,48.0,4.0,9.0,0.5,15,300,38,7.0,0,0,0,0,30,0.10,55,26,,low,diabetes_t2;winter;anaemia,,winter,economy,8,50,1 rotla,Clinic-Curated
Jowar Rotla,ज्वार रोटला,ಜೋಳದ ರೊಟ್ಟಿ,சோளம் ரொட்டி,জোয়ার রুটি,PROCESSED,cooked_dish,VEG,karnataka;maharashtra,250,8.5,49.0,2.5,7.5,0.5,12,260,22,2.7,0,0,0,0,18,0.05,62,30,,low,diabetes_t2;weight_loss;pcos,,all,economy,7,50,1 rotla,Clinic-Curated
Ragi Mudde,रागी मुद्दे,ರಾಗಿ ಮುದ್ದೆ,கேழ்வரகு கொழுக்கட்டை,রাগি বল,PROCESSED,cooked_dish,VEG,karnataka,225,5.0,49.0,1.0,8.0,0.5,15,300,250,3.0,2,1.0,0,0,15,0.03,67,33,,low,diabetes_t2;calcium;anaemia;pcos,,all,economy,8,80,1 ball,Clinic-Curated
Vegetable Pulao (cooked),वेज पुलाव,ತರಕಾರಿ ಪುಲಾವ್,காய்கறி புலாவ்,সবজি পুলাও,PROCESSED,cooked_dish,VEG,pan_indian,180,4.0,30.0,5.0,2.0,1.5,400,180,30,1.0,80,5.0,0,0,30,0.05,60,18,,low,,diabetes_t2_strict,all,standard,20,200,1 cup,Clinic-Curated
Chapati (Multigrain),मल्टीग्रेन रोटी,ಮಲ್ಟಿಗ್ರೇನ್ ರೊಟ್ಟಿ,மல்டிகிரெய்ன் ரொட்டி,মাল্টিগ্রেন রুটি,PROCESSED,cooked_dish,VEG,pan_indian,255,9.5,48.0,3.5,9.0,1.5,200,250,60,3.5,5,1.0,0,0,32,0.10,55,26,gluten,moderate,diabetes_t2;weight_loss;pcos,coeliac,all,economy,8,40,1 roti,Clinic-Curated
Stuffed Paratha (Aloo, cooked),आलू पराठा,ಆಲೂ ಪರಾಠ,உருளைக்கிழங்கு பரோட்டா,আলু পরোটা,PROCESSED,cooked_dish,VEG,north_indian,300,6.5,42.0,12.0,4.0,1.5,400,300,55,2.5,5,8.0,0,0,30,0.05,75,32,gluten,low,,diabetes_t2;weight_loss,all,economy,15,80,1 paratha,Clinic-Curated
Vegetable Soup (Clear),वेज सूप,ತರಕಾರಿ ಸೂಪ್,காய்கறி சூப்,সবজির স্যুপ,PROCESSED,cooked_dish,VEG,pan_indian,35,1.5,6.0,0.5,1.5,2.0,300,200,40,0.5,80,15.0,0,0,20,0.02,15,1,,low,light;weight_loss;convalescence,,all,economy,15,200,1 bowl,Clinic-Curated
Tomato Soup,टमाटर सूप,ಟೊಮಾಟೋ ಸೂಪ್,தக்காளி சூப்,টমেটো স্যুপ,PROCESSED,cooked_dish,VEG,pan_indian,55,1.5,10.0,1.0,1.5,5.5,400,250,18,0.8,80,18.0,0,0,15,0.02,40,4,nightshade,low,,gerd,all,economy,15,200,1 bowl,Clinic-Curated
Drumstick Soup,सहजन सूप,ನುಗ್ಗೆ ಸೂಪ್,முருங்கைக்காய் சூப்,সজনের স্যুপ,PROCESSED,cooked_dish,VEG,south_indian,40,2.0,7.0,0.5,2.0,2.0,300,300,30,1.0,0,80.0,0,0,30,0.02,15,1,,low,immunity;diabetes_t2;anaemia;cold,,all,economy,15,200,1 bowl,Clinic-Curated
Curd Smoothie (Mango),आम स्मूदी,ಮಾವಿನ ಸ್ಮೂದಿ,மாம்பழ ஸ்மூதி,আম স্মুদি,DAIRY,beverage,VEG,pan_indian,110,3.5,20.0,2.0,1.0,18.0,40,250,100,0.3,40,15.0,0.1,0.3,15,0.02,55,11,dairy,low,summer,diabetes_t2_strict,summer,standard,40,200,1 glass,Clinic-Curated
Almond Milk Smoothie (Berry),बादाम स्मूदी,ಬಾದಾಮಿ ಸ್ಮೂದಿ,பாதாம் ஸ்மூதி,বাদাম স্মুদি,NUT_OILSEED,beverage,VEGAN,pan_indian,90,2.0,12.0,4.0,2.5,8.0,80,150,250,0.5,2,30.0,1.0,0,15,0.05,40,5,nut,low,vegan;antioxidant;skin,allergy_nut,all,premium,150,200,1 glass,Clinic-Curated
